firstname;derived_gender
teodor;male
armanca;female
ioan;male
iordache;male
tudor;male
gogu;male
nistor;male
dumitru;male
vasile;male
stefan;male
ion;male
ana;female
sofia;female
maria;female
eftina;female
ioana;female
polina;female
rada;female
ilinca;female
magda;female
floarea;female
gheorghe;male
ilie;male
tudorica;female
caterina;female
leana;female
culica;female
olteanu;male
bacriu;male
guiu;male
naie;male
constantin;male
marin;male
preda;male
marita;female
florica;female
zamfira;female
sevastita;female
ghorghita;female
alex;male
tudorita;female
costica;male
elisabeta;female
zaharia;male
petre;male
radu;male
nicolae;male
mihai;male
antonie;male
silica;undetermined
paun;male
tudorache;male
titu;male
winu;male
iorgu;male
valeriu;male
iandu;male
gica;female
vladimir;male
cadana;female
antonie;male
saluna;female
leonora;female
mitza;female
boana;female
linea;female
vasilica;female
lica;female
macia;female
lucretia;female
pendelia;female
gheorghe;male
lornita;female
tudor;male
privigbetoarea;female
porumbita;female
nicolae;male
nicolita;female
florea;female
olimpiada;female
stelinaca;female
ecaterina;female
marina;female
ghita;male
ciuciurica;undetermined
bancuta;female
radian;undetermined
bratasanca;undetermined
frasina;female
constantina;female
fantera;female
tache;male
ghe;male
nic;male
rapila;male
sima;male
iancu;male
stan;male
stanica;undetermined
stere;male
stefan;male
craciun;male
marinache;undetermined
sandu;male
sindita;undetermined
piperos;undetermined
smocrina;undetermined
tocosca;undetermined
patulowita;undetermined
marca;female
calota;undetermined
costea;male
alexandru;male
iancu;male
mihalache;male
pauna;female
papelca;female
frusina;female
toma;male
aglaia;female
apostol;male
nicu;male
iosif;male
niculai;male
fanica;female
duman;male
victor;male
stoica;male
bucur;male
dobre;male
ibraim;male
anife;female
chiriac;male
neculai;male
anton;male
constantin;male
tinca;female
tita;female
natalia;female
elena;female
aristita;female
valentina;female
anica;female
petru;male
orja;female
zoita;female
profira;female
smaranda;female
aneta;female
domnica;female
lascarache;undetermined
moise;male
lascar;undetermined
ileana;female
rarita;female
janeta;female
constanta;female
paraschiva;female
ruxanda;female
melania;female
margareta;female
chira;female
iosef;male
tomi;male
nicolaie;male
simien;male
cristina;female
aurica;female
ghizela;female
stana;female
iacob;male
augustin;male
sofron;male
zolti;male
dancea;male
axente;male
ioancu;male
valeria;female
carolina;female
crucita;female
luiza;female
iova;female
virgil;male
pantelie;male
mituta;female
niculina;female
arghira;female
gherghina;female
victoria;female
gena;female
paula;female
mironia;undetermined
teodora;female
geamaila;undetermined
florianc;undetermined
grigore;male
biter;undetermined
fistogeanu;undetermined
ilie;male
vasile;male
sica;undetermined
ion;male
achim;male
mocovei;undetermined
nicu;male
stelica;female
marioara;female
ciocoi;undetermined
rista;undetermined
cacoana;undetermined
crisana;female
lenca;female
lociu;undetermined
emil;male
greaco;undetermined
aurel;male
sava;undetermined
costache;male
catinca;female
olga;female
tasia;female
virginia;female
anghel;male
trifu;male
arghitan;male
horea;male
milan;male
bora;female
rozalia;female
versan;female
liuba;female
iuliana;female
ruxandra;female
nastasia;female
tudora;female
turda;female
puica;undetermined
gheorghita;female
mascale;undetermined
cristea;male
ctn;male
mita;female
margarita;female
roza;female
iordana;female
didina;female
vasilca;female
catrina;female
parasciva;female
voica;undetermined
panaghia;female
ursuleac;female
manta;female
sultana;female
iftimie;female
susana;female
joan;male
adolf;undetermined
matel;undetermined
niculae;male
traian;male
francisc;male
luca;male
avram;male
valerie;undetermined
amoru;undetermined
steluta;female
ludovica;female
stela;female
amalia;female
eugenia;female
efronia;female
lina;female
vironica;female
vilma;female
eva;female
paulina;female
rusalin;male
padure;male
tira;female
vila;male
ludovic;male
grama;undetermined
pintea;undetermined
teofil;male
viorel;male
samoil;male
sivu;male
ambrozie;male
andrei;male
rupa;male
sosef;male
sebina;male
iroftei;undetermined
lacatusi;undetermined
dionise;male
carol;male
rudolf;male
rapa;female
iuja;female
edelca;female
rafira;female
tereza;female
raveica;female
rinca;female
marie;female
iustina;female
emilia;female
sofronia;female
finica;female
savu;male
octavian;male
liviu;undetermined
pascu;undetermined
mihail;male
nlae;male
dionisie;undetermined
danila;male
patru;male
aurelia;female
istina;female
chiva;female
livia;female
angelica;female
rusanda;female
veta;female
rafila;female
olimpia;female
viorica;female
cruci;female
rusalina;female
irmie;male
david;male
gafia;female
lajos;male
aron;male
trifan;male
drumas;male
mariac;female
elna;female
rusalim;male
lazar;male
cornea;male
martin;male
stesan;male
moise;male
adam;male
marcu;male
cancea;undetermined
ionel;male
pastiu;undetermined
roza;female
floare;female
ruja;female
elisab;female
dochia;female
fimia;female
sorita;female
saveta;female
romica;male
rosianu;undetermined
aristica;undetermined
solomia;female
alexe;male
militus;male
diamant;female
badea;male
bartolomei;undetermined
grigori;male
augustina;female
veronica;female
valerica;female
vergica;female
anania;female
jilica;female
lucia;female
lucica;female
filofteia;female
angela;female
leontina;female
lenuta;female
verginia;female
aristita;female
pantelimon;male
vergina;female
pantel;male
sacina;female
parasch;female
mirea;male
barbu;male
matei;male
salomeia;female
scumpia;female
marinca;female
bala;female
eda;female
idna;female
leanca;female
lixandra;female
aurelian;male
bumitru;male
speranta;female
paraschva;female
catalina;female
antemia;female
filoreta;female
polestina;female
dumitra;female
sanda;female
marica;female
marinos;female
sevast;female
iulian;male
milica;male
grig;male
filip;male
cons;male
pompilica;undetermined
valerian;male
perisor;male
simion;male
valea;male
consc;male
atelian;male
elisab;female
zana;female
solomita;male
ciurea;undetermined
ciubica;undetermined
carp;undetermined
mihaiu;male
frosa;female
siminica;undetermined
cretu;male
lazar;male
gramaduta;undetermined
vintila;male
ghiorghe;male
maracine;undetermined
teodor;male
ghiorghe;male
polifrone;undetermined
trandafir;male
trifon;male
valerian;male
firicel;undetermined
filiasi;undetermined
pricopie;undetermined
fanica;female
valian;undetermined
jandarica;undetermined
varvara;female
eleonora;female
tica;female
medona;female
dina;female
lorita;female
filomita;female
rozeta;female
campina;female
jugoslavia;female
frosa;female
fanica;female
tomica;female
anghelina;female
biblica;female
stan;male
ilarion;undetermined
sandu;male
morarus;undetermined
manut;undetermined
gheorghe;male
rad;female
ovreiu;female
magdalena;female
safta;female
marghioala;female
alexandrina;female
pelina;female
busnioc;undetermined
angeluta;undetermined
misu;male
fanca;undetermined
tomita;female
vica;undetermined
tatomir;undetermined
meraras;undetermined
fagaras;male
marcea;undetermined
bacea;undetermined
jeane;undetermined
dan;male
cosma;undetermined
gestica;undetermined
ionita;male
ciuca;undetermined
ionica;female
jane;female
mararas;undetermined
dinu;male
flores;undetermined
campeanu;undetermined
petrica;female
cornel;male
nicu;male
geanta;female
valara;female
antoneta;female
velica;female
ioanuta;female
ar?ln?ra;female
lamala;female
brumarica;female
garia;female
oradea;female
scrumb?a;female
diamanta;female
cravidina;female
gana;female
medianca;female
tanta;female
bomboana;female
poline;female
sabina;female
ioleana;female
vritrana;female
mariuta;female
gheorgeta;female
duda;female
alexandra;female
argesanca;female
zavei?anca;female
ponina;female
rublita;female
marin;male
rudareanu;male
ianta;male
stoican;male
petrache;male
nita;female
calin;male
trinca;male
cala;male
calonfir;male
finaca;female
rusu;undetermined
rusu;undetermined
iosoas;male
stele;female
poaia;male
pavel;male
afrim;male
smarandache;male
lonita;male
zoe;female
nitu;male
ferariu;male
damian;male
veri??;female
eufrosina;female
aristica;undetermined
oprea;undetermined
erna;female
marta;female
vestina;female
racoarea;female
restita;female
fima;female
paunica;female
migdala;undetermined
tandica;undetermined
milidon;undetermined
stanca;female
nitu;male
tiberiade;undetermined
nicolae;male
lorentz;undetermined
filon;undetermined
petruta;female
stelian;male
poloafra;undetermined
filip;male
marin;male
elena;female
iliuta;undetermined
maria;female
radu;male
lina;female
aurica;female
ciupagea;undetermined
atanase;male
benone;male
tanase;male
sandi;undetermined
veriga;undetermined
elisaveta;female
launa;undetermined
neagu;undetermined
macris;undetermined
necolae;undetermined
stelian;male
mihai;male
coto;undetermined
dudoi;undetermined
firu;male
biancu;undetermined
costica;male
mircea;male
neculae;male
ghinea;male
stirbu;male
nelu;male
zamfir;male
ierimia;undetermined
vilson;undetermined
feraru;male
anita;female
meluta;undetermined
anuica;female
zota;undetermined
irina;female
stoica;male
anasta;undetermined
marta;female
zaharia;male
dobrita;female
frustna;undetermined
marita;female
genica;female
despa;female
ciortan;undetermined
nan;female
puiu;undetermined
joita;female
jenica;female
viroana;undetermined
steltan;undetermined
stela;female
ursu;undetermined
sorica;female
ancuta;female
manu;male
polujan;undetermined
marian;female
dezideriu;male
bela;male
milian;male
barbara;female
arpad;male
ilancu;male
danita;female
neamtu;male
pampi;male
gioca;male
ricu;male
costolan;male
brancu;male
orasan;male
ciurar;male
milos;male
dezieriu;male
arsa;male
creata;female
persida;female
traila;male
hozu;male
mutiu;male
costa;undetermined
iosita;female
pica;undetermined
brait;undetermined
anastasia;female
rocusi;male
firov;male
ilena;female
brandusa;female
vichente;female
liza;female
catia;female
gurdi;female
madona;female
lena;female
mati;undetermined
vioara;female
rozina;female
tuta;female
blidar;male
sinca;female
giula;female
sava;undetermined
zina;female
osana;male
granciu;male
prosana;female
filimon;male
hicu;male
ranco;male
orasana;female
uta;female
terezia;female
etelca;female
catita;female
erji;female
luta;female
novac;male
giuvita;female
catarina;female
blagoe;male
antoniu;male
milivoi;male
horia;male
ivan;male
etel;female
mura;female
sima;male
erghici;undetermined
goanta;undetermined
zlata;undetermined
gheorghina;female
teoder;male
neacsa;undetermined
tudose;undetermined
grafian;undetermined
raducan;male
aldea;undetermined
ion;male
craciun;male
matei;male
restea;male
mitica;male
margarit;female
nicolina;female
drana;undetermined
siminoc;male
state;male
mozosach;undetermined
ionita;male
bratu;male
valer;male
chirciu;undetermined
nicolaie;male
guda;undetermined
anca;female
gheoghe;male
rafail;undetermined
arghir;undetermined
ichim;undetermined
ibris;undetermined
leona;female
d-tri;undetermined
deu;undetermined
ariclia;female
agripina;female
jupuneasa;female
luci;female
lucie;female
ichira;female
constanda;female
salomia;female
ilcone;female
stamate;male
mircea;male
titu;male
jecu;undetermined
zisu;male
bascu;undetermined
leonte;undetermined
ruse;undetermined
pipina;undetermined
culina;female
ivancea;male
nastase;female
tanase;male
lucian;male
stere;male
stelus;undetermined
augusta;female
jupaneasa;female
motelica;female
stoiana;female
panita;female
mladina;female
doda;female
pena;female
banica;male
lupu;male
stoian;male
marcu;male
eremia;female
ivanciu;undetermined
stoian;male
vaicu;male
ghita;male
sterea;undetermined
maciu;undetermined
neata;undetermined
tanascu;undetermined
enache;male
petre;male
doicu;undetermined
spiridon;male
zlate;undetermined
tud;female
scolana;female
malora;female
joita;female
eliza;female
stefana;female
serbana;female
tasica;female
pavelina;female
ilina;female
nuta;female
talia;female
postolache;male
simonu;male
amet;male
ismail;male
ali;male
demir;male
asan;male
dudu;female
hesma;female
aise;female
rabis;female
azis;undetermined
gurita;female
nica;male
emilian;male
ene;male
iordan;male
casandra;female
magdalina;female
milana;female
avadanai;male
bodea;male
vanea;male
colea;male
vastina;female
masiae;undetermined
valita;female
vera;female
cirisante;undetermined
chiodoreanu;female
sadoveanu;undetermined
giurea;undetermined
zeonova;undetermined
petri;undetermined
clara;female
polxenia;female
mandache;undetermined
slabu;undetermined
teleman;undetermined
carulea;undetermined
joseta;female
aretina;undetermined
silvia;female
patria;female
moise;male
marcela;female
darina;female
ontena;female
gmia;undetermined
sandel;undetermined
serban;male
iasua;undetermined
zlat;undetermined
racovita;undetermined
v-le;male
maricica;female
mitrita;undetermined
boris;male
eftia;undetermined
pandica;undetermined
dumitru;male
zanfira;female
cost;male
stefan-ieia;male
lola;female
cornelia;female
liubita;undetermined
gusti;male
regina;female
iuna;male
iona;female
baltezan;male
imre;undetermined
ghizele;female
jenica;female
alister;undetermined
gabor;undetermined
adela;female
manole;male
nicolai;male
florin;undetermined
sofica;female
gustea;undetermined
tilea;female
hareta;female
bercan;female
florian;male
julca;undetermined
fifica;undetermined
juleanca;female
langos;undetermined
matilda;female
pavelica;female
meila;female
righila;undetermined
zoiza;undetermined
mielu;male
muntean;undetermined
tanti;undetermined
ilia;undetermined
ermina;female
mihaila;female
rachila;female
mileva;female
suzana;female
frida;female
icoana;female
eduard;male
andrian;male
zora;undetermined
mehmed;undetermined
paraschiv;male
samson;male
trandafira;female
dora;female
aurora;female
zarafica;female
darinca;female
elisaveta;female
euforsina;female
nina;female
calina;female
petria;female
iconia;female
solomeia;female
mariti;female
romanita;female
niculaie;male
nasta;female
persa;undetermined
laza;undetermined
mitru;undetermined
gheza;undetermined
mitra;female
timofte;undetermined
serghei;male
alexei;male
gavril;male
tatiana;female
nechita;female
feodor;undetermined
neculas;male
nedejdea;undetermined
efimia;female
evdochia;female
parasca;female
parascovia;female
terente;undetermined
nastea;female
simian;male
nadejdea;female
irimia;male
haralambie;male
alxandra;female
uliana;female
nalita;female
marfa;female
tudosia;female
darabaneasa;female
balai;male
zavestia;female
sina;female
zevastia;female
zenovia;female
aanasie;male
luiba;female
onisim;male
ipate;male
iulia;female
tamara;female
serghe;male
hechita;male
anisea;female
gropina;female
agafia;female
zenobia;female
axinia;female
culina;female
antonia;female
turea;female
claudi;female
iulie;female
sevastia;female
dumineca;female
lucheria;female
atanasie;male
blane;male
duncea;male
emanoil;male
macedon;male
fanase;male
vasilr;male
atanase;male
ceavurochi;male
aganasa;male
macsiu;male
vicor;male
moisie;male
ziota;female
vasil;male
zalda;female
dedusia;female
leon;male
raisa;female
anastas;male
maftei;male
daria;female
erofei;male
braschiva;female
teodosia;female
prucalea;male
isai;male
vladmir;male
trofim;male
filat;male
iustin;male
nichifor;male
policarp;male
anastase;male
evdochin;male
gheorge;male
alea;female
ascena;female
eusofina;female
filistra;female
eftimia;female
rusiana;female
lipovanca;female
astianca;female
hristina;female
antonina;female
zonea;female
claudea;female
serafima;female
catiuta;female
tania;female
luibovi;female
dochita;female
vasilita;female
nistor;male
toader;male
simionov;undetermined
eufrosin;undetermined
raveca;female
iuliu;undetermined
zoltan;male
albert;undetermined
bazil;undetermined
geza;undetermined
adalbert;undetermined
ernestin;undetermined
gizela;female
reghina;female
ignatiu;undetermined
laszlo;undetermined
samoila;male
agneta;female
laurantiu;undetermined
gizele;female
semoil;undetermined
biri;female
stelca;female
emma;female
gavrila;male
miron;male
saruta;undetermined
salvina;female
bavita;undetermined
pitiu;undetermined
livie;undetermined
culita;female
hani;undetermined
dafina;female
elvira;female
taluca;female
nati;female
cica;female
itoie;female
rafa;female
valria;female
silia;female
lula;female
samu;male
nonu;male
marisca;female
neta;female
ghiza;female
anuta;female
patrau;male
albu;male
andronache;male
predica;male
mirica;male
eugen;male
romulus;male
artina;female
atena;female
filosela;female
ecater;female
pokina;female
margarina;female
rita;female
lacuza;female
beschi;female
mariasca;female
ilarie;male
iuseim;male
ioja;undetermined
damien;undetermined
mitache;undetermined
sasu;undetermined
magiaru;undetermined
n-lai;male
bumbu;male
marghiaola;female
vle;male
pavina;female
lucretie;female
vetgica;male
conat;male
coman;undetermined
rizu;undetermined
sava;undetermined
lupu;male
aurelea;female
lozi;male
benedic;male
marghita;female
andronica;female
zorinca;female
crucea;female
coasna;female
telca;female
taut;male
ranicu;male
streja;male
anderi;undetermined
jeni;undetermined
emeric;male
gheorghiu;undetermined
onoriu;undetermined
nicolas;undetermined
divia;female
arionu;male
campu;male
grozma;male
emie;undetermined
karol;undetermined
moldovan;undetermined
gevelie;undetermined
vida;undetermined
ruta;female
nan;female
mina;female
florita;undetermined
coloman;male
stanita;undetermined
mariza;undetermined
giza;female
rosa;undetermined
vilmos;undetermined
marton;undetermined
jonel;male
valentin;male
graciun;undetermined
coserea;undetermined
nae;male
toni;undetermined
frit;male
letitia;female
dorina;female
frosina;female
otilia;female
katita;female
irma;female
istera;female
rodica;female
crucitia;female
iascu;female
rut;male
romului;male
faur;male
grancea;male
jafi;female
valeriac;female
vesta;female
mia;female
loti;female
ida;female
fita;male
visalon;male
herman;male
iosefina;female
grigorie;male
baiche;undetermined
naita;male
picu;female
caizar;undetermined
mitu;male
mares;undetermined
licea;female
gilord;undetermined
salisan;undetermined
vergil;undetermined
babi;undetermined
lastarica;undetermined
petrolian;undetermined
avrinte;undetermined
ovrigean;undetermined
gicu;male
tarmigan;undetermined
balteanu;undetermined
neagoe;undetermined
cutui;undetermined
luciana;female
polonica;female
argintina;female
norvegia;female
stradusta;female
lisandrina;female
lacusteanca;female
genoveza;female
studianta;female
irineta;female
lepadata;female
fineta;female
sonia;female
lizica;female
violeta;female
gheorgita;female
nola;female
argentina;female
alempe;female
ditoria;female
frusinica;female
hozia;female
olteanca;female
florentina;female
casiana;female
virgina;female
zmaranda;female
tibere;undetermined
chitina;male
sever;male
ispas;male
sache;male
adrian;male
alion;male
radian;undetermined
aristotel;male
frumuseanu;male
vintila;male
petrisor;male
simineca;male
basarab;undetermined
anicuta;female
agrita;female
campira;female
gusta;female
pompilica;undetermined
evanghelita;female
leganica;female
axina;female
natalita;female
lamaita;female
doarta;female
zaharna;female
buduna;female
lisabeta;female
gamela;female
alexandru-virgil;undetermined
traian-sima;undetermined
diamant;female
valica;female
timila;female
saftica;female
dohita;female
midianca;female
spereanta;female
ilenuta;female
titia;female
cirnelia;female
zenchea;female
elane;female
vict;female
virg;female
ena;female
efrim;undetermined
anisoara;female
mioara;female
mircel;male
aristica;undetermined
potolnita;male
vetu?a;male
visarios;male
nutu;male
sevastian;male
pant;male
pompiliu;male
liu;male
manafie;male
salcin;male
trocan;male
bratianu;male
pana;male
sabin;male
martilica;male
visarior;male
marcel;undetermined
ciucurel;undetermined
birta;female
miculita;female
titina;female
angele;female
agripa;female
mirluta;female
doina;female
genoveva;female
dofina;female
voichita;female
balasa;female
ghriorghe;male
iosda;male
octavia;female
marite;female
frasana;female
tia;female
arseneta;female
corina;female
migeanca;female
armeanca;female
aftimie;female
gherasie;undetermined
chirita;undetermined
constanti;male
pantelinon;undetermined
abghel;male
fota;undetermined
victor;male
tafian;undetermined
fondor;undetermined
sabi;undetermined
martian;male
miron;male
alexiis;undetermined
sibian;undetermined
daimian;male
covrijan;undetermined
pelin;undetermined
teofil;male
milica;male
melente;undetermined
andronic;undetermined
emilian;male
lilica;female
perian;undetermined
camfer;undetermined
anghelnuta;undetermined
patrian;undetermined
miristean;undetermined
liodor;undetermined
ghioerghe;male
argintar;undetermined
ghiroghe;male
por??bita;female
igula;female
cinisoara;female
victorita;female
elene;female
lisaveta;female
melentina;female
linca;female
lilisoara;female
anglia;female
palestina;female
minodora;female
eftimie;female
leontin;female
scumpita;female
pomita;female
gheorgeanca;female
lilioara;female
ilimpia;female
vergilia;female
irnia;female
ghiorghita;female
visarion;undetermined
nicolai;male
clenci;undetermined
ghiocel;undetermined
ilariu;undetermined
gilica;undetermined
alexe;male
ioan;male
luica;female
vicotrita;female
vitorita;female
vasilina;female
brebene;female
orovel;male
veligeana;undetermined
angheluta;female
mararasi;undetermined
fotoianu;undetermined
marasel;undetermined
fanel;undetermined
minel;undetermined
marcusan;undetermined
andras;undetermined
elies;undetermined
patrineanu;undetermined
fortomita;undetermined
m?liean;undetermined
denef;undetermined
iona;female
ctucarel;undetermined
eleoderu;undetermined
rafaila;undetermined
iulica;female
farica;female
ansastasia;female
sucorina;female
mermelita;female
salvia;female
victorina;female
vaslica;female
marghoala;female
viena;female
sabin;male
petrata;female
gogeta;female
ivana;female
manda;female
munica;male
iorea;male
zaila;male
gledeal;male
cuciu;male
buruiana;male
terariu;male
fistoganu;male
lisandra;female
ruda;female
mastica;female
ranata;female
aritina;female
petra;female
pelirata;female
ridana;female
luna;female
joia;female
cuplea;female
rozota;female
tulina;undetermined
bechir;undetermined
lamaia;female
pantica;female
georgete;female
rozica;female
tena;female
minica;female
vastica;female
valceanca;female
constacioara;female
arhila;female
argitina;female
catina;female
modina;female
preda;male
giurca;undetermined
stancu;male
gulan;undetermined
costel;undetermined
nicusor;undetermined
ianosi;undetermined
agapia;female
norica;female
mandica;female
spiru;undetermined
augustel;undetermined
ostroveanu;undetermined
busuioc;male
paul;undetermined
jandaru;undetermined
brosovan;undetermined
rezan;undetermined
vlaicu;undetermined
gridina;undetermined
costelia;undetermined
siberia;undetermined
doljan;undetermined
visica;undetermined
miu;male
cati;female
gelu;undetermined
serdaru;male
fira;female
gela;undetermined
deola;undetermined
lilica;female
oprea;undetermined
ian?cu;undetermined
modila;undetermined
cezar;undetermined
florina;undetermined
gheorgeh;male
ferdinant;male
guciu;male
fieraru;male
lache;male
ghinda;male
sfarlea;male
dinca;male
gridan;male
efrim;undetermined
mosu;male
mitrica;male
tomache;male
vergil;undetermined
lucan;male
luncan;undetermined
zorila;male
bala;female
almajanu;undetermined
pitulici;undetermined
dragomir;female
margelu;undetermined
ciupala;female
ploesteanca;female
bratilia;female
zambila;female
valca;female
oprica;female
ghira;female
rupina;female
bancuta;female
fulga;female
sanica;female
ghita;male
antrica;female
marieta;female
antofica;female
felicia;female
zinca;female
filoteia;female
towa;undetermined
iadea;undetermined
sabinia;undetermined
oriam;undetermined
fraughita;female
filoftia;female
marca;female
grigorita;female
ghiroghita;female
lixandrina;female
zinica;female
oprea;undetermined
obe;male
chirica;undetermined
vastase;undetermined
ioita;female
codnia;female
joda;female
bia;female
persidia;female
cruce;male
badita;female
ioji;undetermined
biza;female
hondrea;male
bo??onel;undetermined
vochita;female
bujor;undetermined
lina;female
jeana;female
comisie;undetermined
schiopu;undetermined
ristea;male
nanu;undetermined
bica;female
vocnicila;undetermined
pencea;undetermined
bana;undetermined
pertia;female
stelica;female
bradan;undetermined
alexan;undetermined
craciuna;female
sevasta;female
milea;undetermined
stefa;male
stoian;male
voicu;male
barbu;male
grofina;female
gheorgheta;female
tatina;female
zoia;female
fotina;female
gherghita;female
dana;female
vaduva;male
minca;male
serban;male
nita;female
cretu;male
manolache;male
tramandau;male
bunea;male
porici;male
dragan;male
cenac;male
dobri;male
cristache;male
carjan;undetermined
didita;undetermined
tarlea;undetermined
sarbu;undetermined
ancuta;female
vasilica;female
filonta;female
nartaria;female
leonara;female
stafana;female
andriana;female
litica;female
sita;female
leonida;male
dumitras;female
marghiorla;female
georythek;female
vasila;female
vasila;female
cristel;undetermined
sefan;undetermined
auerl;undetermined
gherghiu;undetermined
drosu;undetermined
dobnau;undetermined
gorgeta;undetermined
titi;undetermined
imperia;undetermined
hermine;undetermined
mana;female
jean;undetermined
todor;undetermined
mprin;male
adriana;female
steria;undetermined
dumitrache;undetermined
ancicuta;undetermined
dumitra;female
draghici;undetermined
jon;male
niculuna;female
rudaru;undetermined
dtiu;male
iliu;male
nle;male
oana;undetermined
darmaz;undetermined
socol;undetermined
paulica;undetermined
pandele;female
mahulea;undetermined
justin;undetermined
arglura;female
mariu;undetermined
heana;female
flica;female
erotei;female
chinae;male
sahoi;male
dunare;male
nedelcu;male
berechet;male
marius;male
sterica;male
mica;undetermined
sana;undetermined
pauline;female
alexandre;undetermined
iorta;undetermined
niclaie;undetermined
zahoi;undetermined
mariu;undetermined
joana;female
gogu;male
cecilia;female
cata;undetermined
enciu;undetermined
piligani;undetermined
fronea;female
spirea;male
gruia;female
aughel;male
parvu;male
chiva;female
pucean;undetermined
niculaie;male
ogaru;undetermined
moraru;undetermined
vasiu;undetermined
cioclu;undetermined
visan;undetermined
maghiran;undetermined
geta;female
stefania;female
ivan;male
sofica;female
angela;female
dima;undetermined
vien;undetermined
oprova;undetermined
agata;undetermined
rebeica;undetermined
sebasta;undetermined
pepina;female
softa;undetermined
anice;female
rizina;female
sora;undetermined
smoranda;undetermined
amton;undetermined
istudor;undetermined
manea;male
macare;undetermined
macarie;undetermined
murat;undetermined
christache;male
vasilie;male
sida;female
adelia;female
hanti;male
sebastian;male
roman;male
borcea;female
nae;male
valer;male
garoafa;female
memet;male
iasrar;male
regeb;male
musta;male
ionica;female
ali;male
mamut;male
iasar;female
lip;undetermined
ismen;male
mustan;undetermined
dobrin;undetermined
buran;undetermined
ignat;undetermined
tinor;undetermined
sterian;undetermined
zaharagiu;undetermined
zausila;undetermined
istrate;male
pintilie;undetermined
sercaianu;undetermined
caraivan;undetermined
magheru;undetermined
salica;undetermined
theodor;undetermined
cost;male
giurgea;undetermined
chirila;female
dimitrie;undetermined
baciu;male
maranda;female
zonia;female
onorina;female
listina;female
aurice;female
bibilica;female
papusa;female
dobrin;undetermined
bulmadar;male
iosub;male
raducan;male
ruptas;male
majoru;male
maradin;male
bongaci;male
ciobotaru;undetermined
eni;male
grigora;male
feraru;male
dobrin;undetermined
grigorina;female
iftica;female
ciobotaru;undetermined
stf;undetermined
silva;female
baltezan;male
coriolan;undetermined
frant;male
poju;male
dumtru;male
teofil-;male
constantine;male
granciu;male
miti;undetermined
creciun;undetermined
alberina;female
androni;undetermined
scarlat;undetermined
ortensia;female
petcu;undetermined
mitita;male
arhir;male
becu;male
dulina;undetermined
marchida;undetermined
verona;female
neculina;female
ameta;female
cesiaca;female
simina;female
petrea;female
adama;female
savastita;female
danica;female
petia;female
fkoarea;female
miroea;female
eliszabeta;female
gheorgh;male
ioa;undetermined
manola;undetermined
janica;male
ilona;female
pachita;undetermined
mandacho;undetermined
coatache;male
anghel;male
n-ale;male
vastile;male
gheorgha;male
gheorghs;undetermined
magarita;female
firodora;female
margarinta;female
savata;female
nicano;female
reveica;female
ctinca;female
ravrita;female
raruca;female
tandil;undetermined
averescu;undetermined
moisa;male
haralambrie;undetermined
jemita;undetermined
divina;undetermined
emilie;undetermined
marinas;undetermined
zenica;female
leventia;female
melana;female
corlet;male
stela;female
alecu;male
marghidan;male
hoancea;undetermined
ghirghe;male
avadanei;undetermined
tacu;undetermined
sabeta;female
varginica;female
maroa;female
iliana;female
parafil;undetermined
rosalia;female
rudi;male
zanfir;female
jurca;undetermined
pelaghia;female
ianos;male
iovita;undetermined
tiberie;male
mailita;female
domnita;female
draghina;female
tina;female
jiva;undetermined
floria;male
lae;undetermined
artenie;undetermined
manica;undetermined
maxim;female
procopie;undetermined
anatolia;undetermined
chilina;female
sarghie;undetermined
ghe;male
vdtru;undetermined
parfenie;undetermined
crucanu;undetermined
onofrei;male
xenofon;undetermined
afanase;undetermined
leonid;undetermined
timofei;male
dtm;undetermined
andor;undetermined
elexei;undetermined
niclufor;undetermined
irna;female
dachuta;female
jana;female
vasalca;female
nicluta;undetermined
aidor;undetermined
loghui;undetermined
procopier;undetermined
efreim;undetermined
victr;undetermined
isidor;undetermined
chiril;undetermined
feodosiu;undetermined
haritina;female
varugra;female
anna;female
nadejdia;female
nichita;undetermined
panait;male
foca;undetermined
plat;undetermined
isac;undetermined
zurar;undetermined
terenti;undetermined
cavril;undetermined
darie;undetermined
octav;undetermined
remus;undetermined
miza;undetermined
lacatus;undetermined
haza;undetermined
doroftei;undetermined
miczi;undetermined
blaziuz;undetermined
maxin;undetermined
sugismund;undetermined
meisa;undetermined
dominic;undetermined
milanius;undetermined
iulius;undetermined
ilanda;female
eloarea;female
estera;female
hinta;female
mandra;female
canta;female
laura;female
bombonica;female
ardelean;undetermined
zaharias;undetermined
zacheu;undetermined
ioachim;undetermined
corvin;undetermined
gruita;undetermined
romus;undetermined
greti;undetermined
ciupi;undetermined
raitan;male
tiberiu;male
ciotoc;undetermined
cuta;male
steian;male
ferdinand;undetermined
ladislau;undetermined
susena;female
minerva;female
pitira;female
mezinca;female
sanziana;female
scumpina;female
subita;female
coroana;female
neli;female
corneli;female
justina;female
salv;female
virorica;female
medaca;female
mariuca;female
alexand;male
viliam;male
aflat;male
pitu;male
serafim;female
costic;male
bazilic;undetermined
ernest;undetermined
laslo;undetermined
iul;female
scump;female
matrona;female
oprita;female
rosmal;female
rozal;female
mari;female
roz;female
vior;female
leorinta;female
laurentiu;undetermined
iani;undetermined
daian;undetermined
samioila;male
arpas;male
barna;male
fila;female
clari;female
elenea;female
cracium;undetermined
mitri;undetermined
mendi;undetermined
rupi;undetermined
vian;undetermined
crucean;undetermined
salomon;undetermined
laios;male
rupunda;undetermined
beniamin;undetermined
etves;undetermined
lolea;undetermined
juja;female
denes;undetermined
pepi;female
teia;undetermined
micolos;undetermined
eleonore;undetermined
ilona;female
vianu;undetermined
somodin;undetermined
foicean;undetermined
veturia;undetermined
volma;undetermined
riti;undetermined
ciucur;undetermined
catelina;undetermined
rojica;undetermined
sabia;undetermined
zanza;undetermined
matica;undetermined
steluca;female
danciu;male
tolan;undetermined
ctna;female
stanciu;female
dusean;male
iosca;male
bancuta;female
mandita;female
abdula;male
baluta;male
cadina;female
almaze;female
emine;female
adele;female
grapina;female
precup;male
dinonisie;male
groncea;male
oltina;female
molihova;female
sinefta;female
iozefa;female
pipilica;female
militaru;male
ibrim;female
boloboc;undetermined
lupu;male
mata;undetermined
nedelica;female
asan;male
suliman;undetermined
regep;undetermined
chiliu;female
aristia;female
palaghia;undetermined
cumta;female
duna;female
visca;male
brazaia;female
augrezia;female
caroli;undetermined
berta;female
eroftei;undetermined
rambi;undetermined
filipescu;undetermined
papura;undetermined
sanyi;undetermined
josif;undetermined
baica;undetermined
gyula;undetermined
petru;male
gyorfi;undetermined
juliana;female
francise;male
nani;female
cheja;female
sandor;undetermined
voina;undetermined
abaria;female
neliu;male
scumpa;female
lakatos;male
ilana;female
piciu;male
isa;undetermined
peertul;undetermined
sabrina;female
sofronie;undetermined
gheja;female
rozalina;undetermined
ortenzia;undetermined
romu;male
nicol;male
hoza;male
potica;male
silvestru;male
puia;female
treja;female
cristodor;undetermined
napolion;undetermined
ovidiu;male
robinson;undetermined
ioanna;undetermined
fag;undetermined
condel;undetermined
graneta;undetermined
sabian;undetermined
pitesteanu;undetermined
parizianu;undetermined
garlesteanu;undetermined
tiberica;undetermined
gilort;undetermined
vidu;undetermined
logedin;undetermined
sabin;male
fana;female
finel;undetermined
oscian;undetermined
augustin;male
tajian;undetermined
verdesanu;undetermined
mutulet;undetermined
meltiade;undetermined
libian;undetermined
tudosie;undetermined
ilioara;female
salondra;female
lipoveanca;female
romana;female
despina;female
iglita;female
lazarina;female
salonta;female
pauleta;female
armonica;female
milania;female
sata;female
ucraina;female
liluda;female
sevastiana;female
elefteria;female
mureseanca;female
anghelita;female
ecat;female
alexa;undetermined
lementa;female
studina;female
budrinca;undetermined
chirita;undetermined
moldoveanca;female
ebraim;male
ofiteru;male
anicut;undetermined
fola;male
bursuiuc;male
tilica;male
partenie;male
argir;male
bobica;male
parolea;male
avramita;male
zobita;female
varica;female
molerca;female
bobalina;female
eftinea;female
ilinaca;female
bobolina;female
elen;female
ilarie;male
pirca;female
mathilda;female
lincan;undetermined
leaundra;undetermined
cecela;undetermined
cuisoara;undetermined
grofian;undetermined
nusoreanu;undetermined
anisia;female
racolita;undetermined
gheorghit;female
gradioara;undetermined
nuti;undetermined
sulina;undetermined
oradia;undetermined
ticu;undetermined
ristica;undetermined
gogina;undetermined
fanita;female
oncica;female
sanaida;undetermined
arpadian;undetermined
gripina;female
puiuta;undetermined
gatra;female
argela;undetermined
firica;female
buzduca;undetermined
mindilica;undetermined
leonova;undetermined
igadi;undetermined
urmuza;undetermined
rausan;undetermined
ghiocica;undetermined
uita;female
verdisan;undetermined
ogalina;female
bubi;undetermined
belu;undetermined
totar;undetermined
armitrea;undetermined
culon;undetermined
colita;undetermined
salina;female
valerina;female
tochina;undetermined
lupsanu;undetermined
lotica;undetermined
salcioara;undetermined
iures;undetermined
opinca;undetermined
mures;undetermined
gherghinita;undetermined
cazelita;undetermined
lenova;female
caina;female
niculita;female
trana;female
floea;female
nila;female
busoia;female
chirita;undetermined
eurilia;female
regunta;female
anclata;female
costina;female
verica;female
rafina;female
olanda;female
cheta;female
radina;female
sntonica;female
floricuta;female
vergil;undetermined
corvna;female
stelianca;female
uonliuc;undetermined
ninisor;undetermined
sardan;undetermined
joca;undetermined
sorean;undetermined
burel;undetermined
solomon;undetermined
bebe;undetermined
pelican;undetermined
gheorghje;male
aonton;undetermined
lian;undetermined
lincinta;undetermined
popolian;undetermined
ochin;undetermined
zoneta;undetermined
gigoiu;undetermined
mireca;undetermined
pianu;undetermined
dinel;undetermined
cutuli;undetermined
otolin;undetermined
bradu;undetermined
gurin;undetermined
lisarata;undetermined
ritina;undetermined
dumitri;undetermined
fane;male
corneliu;undetermined
lamuia;female
elisabetha;female
prolina;female
rubita;male
rezbel;male
matache;male
diamand;male
pocaila;male
chiton;male
ruset;male
sabdin;male
franci;male
augistina;female
duduran;male
duduian;male
cosoveanu;male
turcitu;male
linca;female
frantuz;male
parulea;male
buzdugan;male
calopar;male
ristotel;male
giurca;undetermined
zaman;male
romca;male
jan;male
strain;male
ciulica;male
chirca;male
ninica;undetermined
zoiu;undetermined
maruntelu;undetermined
zanfir;female
manoela;undetermined
lucan;male
nitra;undetermined
vlad;undetermined
lucanu;undetermined
bolinit;undetermined
marfeta;female
gasca;female
bazinica;female
didona;female
luxita;female
rubla;female
floriana;female
mitrana;female
ecaterin;female
cotorbita;female
refta;female
refita;female
traianca;female
martilada;female
volga;female
ostroveanca;female
orinda;female
fursina;female
fluturica;female
didula;female
zamilita;female
vistor;undetermined
lixandru;female
trufomita;female
ioania;female
rizica;female
trica;male
constanhu;undetermined
biu;male
serban;male
mariai;female
ianca;female
aranca;female
dolfi;male
iota;male
crasiun;male
loisi;male
teresia;female
molda;female
tonci;male
cucu;male
pimpi;undetermined
zorica;female
pali;male
voac;male
guran;male
strut;female
zaga;female
marghiala;female
eugenia;female
rafaela;undetermined
carola;undetermined
velisar;undetermined
radian;undetermined
uca;undetermined
drabi;undetermined
radita;undetermined
bucur;male
benone;male
constanta;female
gina;female
andrei;male
ioana;female
ristea;male
preda;male
dida;undetermined
didi;undetermined
burcea;undetermined
stam;undetermined
rachiu;undetermined
tudosica;undetermined
piroi;undetermined
lia;female
lita;female
badea;male
linta;female
eremia;female
murica;undetermined
liexandru;undetermined
jiota;female
jan;male
marinica;undetermined
versilia;undetermined
angelina;female
tanta;female
marioara;female
hristache;undetermined
elizabeta;female
gentuta;female
aristina;female
fotimia;female
aritia;female
steliana;female
jaita;female
sofita;female
gheorgjita;female
mihalcea;female
sitica;female
ionela;undetermined
florica;female
tudorita;female
miala;undetermined
tudorel;undetermined
arsineta;undetermined
tudor;male
matia;undetermined
veta;female
floarea;female
marica;female
andica;undetermined
mihaie;male
olinca;undetermined
dumitra;female
micara;undetermined
titel;undetermined
asana;undetermined
ciuciu;undetermined
kurla;undetermined
anopl;undetermined
alx;undetermined
lamaia;female
vela;undetermined
melul;undetermined
savu;male
leanca;female
lacrima;undetermined
geana;female
telina;undetermined
larama;undetermined
modora;undetermined
balaci;undetermined
malura;undetermined
margean;male
argintaru;undetermined
grovidel;undetermined
mosu;male
salfida;undetermined
fulger;undetermined
polifache;undetermined
efrusina;undetermined
fulgeran;undetermined
lucian;male
codoaca;undetermined
ferma;undetermined
verdesan;undetermined
craulina;undetermined
bucovina;undetermined
chiodorean;female
misu;male
calina;female
masilica;undetermined
chilian;undetermined
cadelina;undetermined
craiu;undetermined
manevra;undetermined
rapita;undetermined
pascale;undetermined
viorica;female
miu;male
stama;undetermined
ilinca;female
nodica;undetermined
alexander;undetermined
vlada;undetermined
sambure;undetermined
lixandru;female
gheorgeta;female
dafina;female
toporan;undetermined
potcoava;undetermined
duduianu;undetermined
calofir;undetermined
martazin;undetermined
rizea;undetermined
filian;undetermined
alex;male
biru;undetermined
ungureanu;undetermined
geambasu;undetermined
polea;female
molidrea;female
ludranca;female
rurita;female
patuta;female
banuta;female
polea;female
c-tine;female
filma;female
mizica;female
mira;female
severina;female
melusi;undetermined
miahai;male
bration;undetermined
iamandi;undetermined
licsandru;male
lixandrina;female
median;male
abain;male
caldararu;male
lulea;male
londioliu;male
chemce;undetermined
ioaana;undetermined
angehlina;female
tuica;female
abania;female
octavian;male
linca;female
negoi;undetermined
victoria;female
florea;female
oane;undetermined
cleopatra;undetermined
zambilica;undetermined
sadin;undetermined
mantiliza;undetermined
vangheluta;undetermined
donim;undetermined
stanaca;male
panna;undetermined
constanto;male
arisitita;undetermined
marinel;undetermined
anatole;undetermined
fancica;undetermined
auriea;female
calotescu;undetermined
maior;undetermined
basarabescu;undetermined
iozefina;undetermined
ioardana;female
tudonito;female
niculae1933;male
mata;undetermined
german;undetermined
nico;undetermined
stance;male
coruau;male
rigan;undetermined
ifta;undetermined
stelea;female
curt;undetermined
niculina;female
susan;female
smaantana;undetermined
suciu;undetermined
margarit;female
marchizel;undetermined
baias;undetermined
cornea;male
glevricate;undetermined
anghelina;female
pelia;undetermined
pandele;female
stan;male
boteasiu;female
matei;male
zamfir;male
firica;female
vasilica1884;female
margarita;female
volca;female
zolta;female
zaharina;female
macarus;female
mitana;female
profna;female
oprina;undetermined
maria1936;undetermined
dolnta;female
costache;male
ferocica;female
suta;female
tefa;female
gheorghe1865;male
ionescu;male
anabet;undetermined
golcea;undetermined
suzanica;undetermined
luitana;undetermined
niculae1932;male
costache1830;undetermined
mauda;undetermined
bita;undetermined
coltotu;undetermined
polina;female
geluta;undetermined
dica;undetermined
latzu;undetermined
ior;undetermined
hinca;undetermined
vorilica;undetermined
mihaui;undetermined
ecaterina;female
tucha;undetermined
abram;male
sinia;undetermined
anica;female
zoe;female
pastore;undetermined
caterina;female
duganici;undetermined
duca;undetermined
franzola;undetermined
calita;female
gdoruba;undetermined
bruma;undetermined
vilvica;undetermined
murgica;undetermined
sotir;undetermined
ropunca;undetermined
brateanu;undetermined
buci;undetermined
nictor;undetermined
dusan;male
raduta;undetermined
lupascu;undetermined
mandolina;female
rata;undetermined
sivirica;undetermined
volochi;undetermined
branduli;undetermined
liza;female
ileana;female
esma;female
sali;undetermined
bahari;undetermined
achif;undetermined
manri;undetermined
hagi;undetermined
hasan;undetermined
vesele;female
ruxande;undetermined
rosie;undetermined
dumitraru;undetermined
tarziu;undetermined
granoea;undetermined
caldare;undetermined
dragut;undetermined
iftime;male
pitigoiu;male
valselele;female
lascan;female
constantinescu;male
iftinca;female
caliopia;female
trasnica;undetermined
mariae;undetermined
chitu;undetermined
titus;undetermined
madela;female
calia;female
ghica;female
cranina;female
ortansa;female
silica;undetermined
tofana;female
gita;female
ruha;male
enachi;male
fiser;male
gheorghea;male
ninu;male
tana;female
teuca;female
hamau;undetermined
luca;male
salnica;female
vilian;undetermined
stefna;male
lupan;male
rosca;undetermined
judele;male
zornia;female
rocovina;undetermined
calin;male
marchidan;undetermined
turturean;undetermined
genovica;female
marandita;undetermined
marfa;female
c-tica;female
olguta;undetermined
petrut;male
aspazia;female
sidor;undetermined
florescu;female
soripoaru;undetermined
pricop;undetermined
aristitia;female
petres;undetermined
alexa;undetermined
virona;undetermined
reana;female
antal;undetermined
paduret;undetermined
furnica;undetermined
mancas;undetermined
cudarnau;undetermined
c-tiu;male
bejan;male
zecu;male
milia;female
eustache;male
ciuraru;male
pandel;male
liubiana;female
sevastitia;female
naica;female
rixanda;female
eufrosia;female
ileanca;female
popist;undetermined
mirona;undetermined
eleana;female
nelulae;undetermined
savel;undetermined
maslina;female
viana;female
porcan;female
general;female
alalmaia;female
fenoiu;female
macu;female
botelina;female
mirca;female
agalaia;female
mircaea;male
grina;female
gruca;female
leontine;undetermined
caliu;male
rarita;female
haralamb;male
clementa;undetermined
cobzaru;male
conoaghe;male
cazimir;undetermined
chibara;undetermined
dodocea;undetermined
augurita;female
casia;female
misunel;undetermined
efteria;undetermined
ilieana;female
valucia;undetermined
aglai;female
leocardia;female
gorga;undetermined
stavarat;undetermined
paraschiva;female
dumirtu;undetermined
saveta;female
sinescu;undetermined
bombonel;undetermined
iluta;undetermined
tohe;undetermined
dumitrie;male
lida;undetermined
ghiula;female
versavia;female
ghiolbana;undetermined
donusea;undetermined
zinovia;undetermined
ptru;undetermined
cozma;undetermined
verinica;female
theodora;female
efim;undetermined
lidia;female
iarisa;undetermined
volor;undetermined
ghe;male
edochia;undetermined
evlompia;undetermined
tiutiana;undetermined
afabaste;undetermined
rumin;undetermined
averchi;undetermined
afanasa;undetermined
varara;female
arenia;female
erghenia;female
rausa;female
evedechia;female
marusia;female
nelia;female
waluta;female
naghia;female
tesla;female
frosea;female
axema;female
tihon;undetermined
vartolomeu;undetermined
cozanaiu;undetermined
ifrun;undetermined
joachim;undetermined
pufan;undetermined
chirilo;undetermined
isai;male
agalia;undetermined
petep;undetermined
efimie;undetermined
agofia;female
dunea;female
olea;female
culnia;female
lota;female
tafmia;female
sinciov;undetermined
nadia;female
galuba;female
arhip;male
aculina;female
haretina;female
pasa;undetermined
koloman;undetermined
gligor;undetermined
erjy;female
ambrozia;female
marja;female
ilea;female
solvina;female
sigism;undetermined
braia;undetermined
hoca;female
hariton;undetermined
timotei;male
lascut;undetermined
feci;undetermined
spicu;undetermined
poldi;undetermined
buia;female
dorica;female
serafina;female
nelica;female
trina;female
zorita;female
licita;undetermined
galeni;undetermined
iozeia;undetermined
victori;undetermined
iofiv;undetermined
fani;female
gulea;undetermined
patrut;male
borita;undetermined
crucita;female
sarlota;female
martina;female
tecla;female
buca;female
ruselina;female
martica;female
achila;undetermined
dafta;undetermined
ani;undetermined
bele;undetermined
patita;undetermined
kotol;undetermined
aurelis;undetermined
salin;undetermined
pangarti;undetermined
sandru;undetermined
albinuti;undetermined
pompeiu;undetermined
danuti;undetermined
galciu;undetermined
snada;undetermined
ruzalia;undetermined
istin;undetermined
barcea;undetermined
ironim;undetermined
romi;undetermined
lucrectia;female
savina;undetermined
melinte;undetermined
savin;undetermined
nauc;undetermined
difta;undetermined
zahnfirita;female
tincuta;female
duta;undetermined
dragostina;female
alecsandrina;female
spaer;male
cavrila;male
cracea;male
zivideanca;female
n-le;male
bitulice;male
tismanaru;male
budica;male
gheroghita;female
panica;female
rudina;female
mecic;male
lapadatu;undetermined
anastasie;female
arinda;undetermined
aurida;undetermined
statie;male
smochin;male
izvoranca;female
draghici;undetermined
naom;male
ionescu;male
grigorea;male
mutata;undetermined
zamfira;female
dita;female
dumitru;male
chiriaca;female
maira;female
calomia;female
cnstica;female
bocalin;male
duduca;male
szlate;male
?ica;female
frisca;female
lacuta;female
gheorgina;female
alina;female
bidia;female
stoichnita;female
boboaca;female
aucica;female
zulpina;female
dambita;female
saida;female
verdala;female
lazanchika;female
marica;female
duica;male
tanja;male
zenca;female
anghina;female
aftenia;female
augentina;female
niculica;female
zica;female
znica;female
haise;undetermined
vasiliu;male
iordachi;male
nan;female
pand;female
h-bie;male
alexa;undetermined
margaret;female
silivia;female
ianna;female
papurica;undetermined
mitre;undetermined
georgel;female
vintilia;undetermined
milu;undetermined
nacolaru;undetermined
pitisteanu;undetermined
gradina;undetermined
trinica;undetermined
modianca;undetermined
toanca;undetermined
baldusca;undetermined
duta;undetermined
grumpava;undetermined
zagadita;undetermined
nedianca;undetermined
corabia;undetermined
julughia;undetermined
unonel;undetermined
aristide;female
marsanu;undetermined
gheorgeanca;female
medica;undetermined
maliu;undetermined
eliasb;female
tanos;male
migusiu;male
gasofie;female
frasina;female
rustica;female
marka;female
vena;female
cartoveanca;female
filfteia;female
leaga;female
decina;female
eleftera;female
manie;female
mata;undetermined
margariet;male
cfenda;male
terusca;female
zarinca;female
costan;male
martian;male
dinutu;undetermined
haleria;female
peter;undetermined
frederic;undetermined
lizi;undetermined
fransisc;male
iulia;female
stena;undetermined
martini;undetermined
genia;undetermined
faneta;undetermined
anic;undetermined
lote;undetermined
risca;undetermined
paraschica;female
nasia;female
purtulu;undetermined
nastasie;undetermined
berja;undetermined
sas;female
riszu;undetermined
banescu;undetermined
aer;undetermined
nichifor;male
vicu;undetermined
aristetel;undetermined
tepes;undetermined
tanasa;male
statian;undetermined
tanasie;undetermined
varianta;undetermined
covrigean;undetermined
stelnuta;female
snobia;female
saninada;female
timisoara;female
virginica;female
simplon;female
licara;female
mela;female
carsmarita;female
florarea;female
mona;female
elida;female
teaca;female
baleanu;female
raulian;female
saichi;female
ladeanca;female
braghie;undetermined
iroplanca;undetermined
livina;female
ristidia;undetermined
berdia;undetermined
grausor;undetermined
p??anu;undetermined
campean;undetermined
rapta;female
jantica;female
goregeta;female
constantinta;female
panina;female
sucarina;female
zavoianca;female
fane;male
marinochi;male
artepan;male
virdonica;female
dionisca;female
lisandru;female
vitu;undetermined
danef;undetermined
melu;male
priboiu;undetermined
fulmena;undetermined
arvinta;undetermined
cazandra;female
tufan;undetermined
dabia;undetermined
georgescu;undetermined
ispadian;undetermined
pantazescu;undetermined
simzianca;undetermined
brisindica;undetermined
secata;undetermined
banateanca;undetermined
gisa;undetermined
sardaru;undetermined
dude;undetermined
molearca;undetermined
pina;undetermined
tache;male
iorgu;male
nicolae-netinov;undetermined
maximilian;undetermined
potolomita;undetermined
oaie;undetermined
burdulea;undetermined
tatu;undetermined
bogdan;undetermined
patra;undetermined
cristina;female
prusianca;female
armenus;undetermined
pavelona;female
salomeea;female
baculescu;undetermined
izvoranu;undetermined
cozia;undetermined
ionel;male
luludia;undetermined
radianca;undetermined
aritel;undetermined
aritica;undetermined
zanobia;undetermined
marmazela;undetermined
loventina;undetermined
tiparu;undetermined
sabareanu;undetermined
ciobanica;undetermined
usia;undetermined
riuleana;undetermined
paulina;female
mina;female
turtoc;undetermined
militina;undetermined
elefterie;undetermined
varsovia;undetermined
mariatat;female
nela;female
marau;male
arvinte;undetermined
cynie;undetermined
marbu;undetermined
alexandru;male
petria;female
tuderica;undetermined
maricel;male
cartia;female
veichila;undetermined
oancea;male
cioaba;female
melu;male
tita;female
serghi;male
dancila;undetermined
mustata;undetermined
filisan;male
mindila;male
farcea;male
rascau;male
poleria;female
vasile;male
nicola;male
rica;female
tarsita;undetermined
aritina;female
dondu;undetermined
domca;undetermined
doma;undetermined
elorica;undetermined
florea;female
mariu;undetermined
tatan;undetermined
mogoci;undetermined
nasturel;undetermined
jovica;undetermined
darna;undetermined
gutuia;undetermined
narmacica;undetermined
chirtop;undetermined
elifordia;undetermined
ciricila;undetermined
daica;undetermined
camelia;undetermined
olgan;undetermined
caria;undetermined
nora;undetermined
olumca;undetermined
genova;undetermined
cornita;undetermined
lila;undetermined
proumbita;undetermined
coca;undetermined
putinica;undetermined
boiana;undetermined
mutu;undetermined
ulicioara;undetermined
mocea;undetermined
masa;undetermined
bulgaroaica;undetermined
lachita;undetermined
flanca;undetermined
ionas;undetermined
terian;undetermined
?atineanu;undetermined
celereanu;undetermined
marar;undetermined
simplan;undetermined
br?zea;undetermined
gheorghin;undetermined
calaras;undetermined
barciu;undetermined
calan;undetermined
veaicu;undetermined
georgica;undetermined
averscu;undetermined
carcia;undetermined
balan;undetermined
susica;undetermined
felinar;undetermined
dragnea;undetermined
bragadin;undetermined
ardeleanu;undetermined
ledia;undetermined
vatalia;undetermined
emelion;undetermined
ravita;undetermined
beca;undetermined
vatrita;undetermined
portocalo;undetermined
lali;female
ionana;female
etela;female
amelia;female
sascia;female
credina;female
tartica;female
baionela;female
silvica;female
lilu;female
semufria;female
grilafira;female
?on;male
minodara;female
roazea;female
zalestina;female
??rtica;female
blecleta;female
linaxata;female
anzela;female
danlela;female
margioala;female
derperanta;female
iabca;female
calipapia;female
margita;female
anitoara;female
nitia;undetermined
cleitor;undetermined
visuel;undetermined
hurmaza;female
nobila;female
cadenta;female
usul;undetermined
neculaie;male
marcus;male
sueia;female
eulora;undetermined
zdana;undetermined
margarete;undetermined
claudia;undetermined
nastasia;female
chita;undetermined
nedelea;undetermined
constantina;female
marista;undetermined
girar;undetermined
rastovita;undetermined
creta;undetermined
costal;undetermined
nerdison;undetermined
ghilodorea;undetermined
patre;undetermined
constantin;male
margan;male
ecatarina;female
ioan;male
manole;male
leana;female
mizilica;female
arafta;female
cireora;undetermined
maces;undetermined
iolanda;undetermined
batalina;undetermined
grafita;undetermined
papusica;undetermined
lenut;undetermined
rosalin;female
bondaret;undetermined
oaia;female
mieluta;female
sila;female
??ia;female
mohai;male
ielana;female
dragoi;undetermined
sili;undetermined
earbierux;undetermined
zoea;female
joi?;female
zomeonica;female
euresta;female
filofrteis;undetermined
trona;female
aurea;female
siliae;undetermined
vicotria;female
misca;undetermined
mariea;undetermined
filia;undetermined
sabina;female
bebi;undetermined
victorian;female
draghiel;female
vasilice;female
lisia;female
margineanu;male
vasiliea;female
ianeu;male
radueanu;male
staneiu;male
dura;male
one;female
moga;undetermined
ianou;male
sova;female
radcan;male
covaci;male
carnes;male
ioulia;undetermined
gneiu;undetermined
bera;undetermined
liditel;undetermined
tinea;undetermined
kastron;male
aniea;female
katerina;female
stalina;female
inca;female
ioanca;female
icara;female
stroe;undetermined
vrej;undetermined
vaitova;undetermined
adar;undetermined
lena;female
mirea;male
sultana;female
safza;undetermined
nita;female
eleisabeta;undetermined
vatila;undetermined
cristu;undetermined
avram;male
domnica;female
filica;undetermined
meleta;undetermined
petra;female
gabriela;undetermined
babelea;undetermined
lelica;undetermined
ioana1924;undetermined
gaston;undetermined
banca;undetermined
dumitrescu;undetermined
niculae;male
dobrica;undetermined
bernard;undetermined
bella;undetermined
obagila;undetermined
manole;male
feteteu;undetermined
sanda;female
costache;male
tutu;undetermined
poratu;undetermined
fica;undetermined
bairam;male
main;undetermined
adorina;undetermined
chirache;undetermined
micu;undetermined
nazarica;undetermined
clina;undetermined
caliopa;undetermined
antoana;female
iaoana;female
draga;female
zagorca;undetermined
osu;male
sfetco;undetermined
sumaia;female
milorad;male
marinco;male
cusman;male
milorat;male
milion;male
vichente;female
grebenar;male
calopas;female
ofelia;female
beba;female
joe;male
tolia;female
filianca;female
dinerit;female
borinca;female
slatinca;female
aurica;female
ioanica;male
moiganit;male
tiefan;male
chisau;male
busung;male
marceu;male
babata;male
josef;male
dunna;male
opusan;male
rafoila;male
mocacu;male
pascobe;male
beuonc;male
ionica;female
baconeu;male
ferdinet;male
donea;male
duta;undetermined
doneu;male
agafa;male
ofrisan;male
mani;male
zuica;female
iztie;female
liemaia;female
natala;female
califita;female
portocala;female
giana;female
leania;female
fiuca;female
maruta;female
dornia;female
domica;female
gengeta;female
nastazia;female
ambrosia;female
parumbita;female
zaica;female
salma;female
gerghina;female
patrica;female
marghiola;female
stugerle;male
smolina;male
costica;male
penica;female
magarit;male
mihiau;male
dominca;female
patrina;female
lazarica;female
ramuceani;male
vadeata;female
paponie;female
busnioe;male
argustina;female
aleksandru;undetermined
spiroche;male
lucrettia;female
sandia;male
maghola;female
maleanca;female
gustina;female
bibelica;female
ilenca;female
vasilea;female
vilva;female
zarachla;female
batolina;undetermined
dragu;undetermined
nicolina;female
s??;female
valeriu;male
conel;undetermined
piabina;undetermined
paloghia;undetermined
chirogiu;undetermined
dunitru;undetermined
stefama;undetermined
banea;undetermined
parpalache;undetermined
paraschiv;male
neda;undetermined
leonta;undetermined
irimia;male
vas;undetermined
ghina;undetermined
salomea;female
sande;undetermined
serbana;female
mantu;undetermined
costes;undetermined
jeha;undetermined
tamia;undetermined
nicoale;undetermined
matas;undetermined
luca;male
tone;undetermined
simon;male
fioarea;undetermined
colin;undetermined
petrana;undetermined
tassia;undetermined
aftene;undetermined
mocioaca;undetermined
mateleanca;undetermined
moci;undetermined
proiu;undetermined
dragute;undetermined
dudorei;undetermined
aldonte;undetermined
floares;undetermined
maris;undetermined
velie;undetermined
lupusor;undetermined
salomena;female
constantda;undetermined
alexandra;female
nasturasi;undetermined
iordan;male
raica;undetermined
tasu;undetermined
tudora;female
sav;undetermined
ceral;undetermined
dona;undetermined
tamarla;undetermined
mustafa;undetermined
resim;undetermined
hagie;undetermined
edic;undetermined
rubie;undetermined
cherez;undetermined
elma;undetermined
isuein;undetermined
iamarla;undetermined
geamir;undetermined
emer;undetermined
ghezban;undetermined
bahara;undetermined
hatie;undetermined
alen;undetermined
azir;undetermined
arif;undetermined
calmet;undetermined
fadime;undetermined
dragnici;undetermined
mermen;undetermined
nuri;undetermined
zinet;undetermined
chichirez;undetermined
iuzeir;male
veli;male
atigier;undetermined
muschife;female
zache;female
chesban;female
pamuca;female
iunsula;female
iamurli;female
fatma;female
haten;female
crimet;female
aslan;male
iamurlia;undetermined
asan;male
ermaza;undetermined
hatia;undetermined
anifia;female
memet;male
elmaz;undetermined
hali;undetermined
cadir;undetermined
bahar;undetermined
domenica;female
jeaneata;undetermined
saita;female
vanzle;undetermined
lomiya;undetermined
emanoel;undetermined
seameo;female
naum;undetermined
ilguta;undetermined
onita;undetermined
bebea;undetermined
moarghioal;undetermined
pavel;male
emila;undetermined
aneta;female
mircia;undetermined
baiesu;undetermined
axenia;undetermined
fagu;undetermined
pitigoe;undetermined
parau;undetermined
ciornei;undetermined
gulia;female
grena;female
giorgica;undetermined
nidahoie;undetermined
cagman;female
maria;female
raicu;undetermined
cicu;undetermined
ortanga;undetermined
marghareta;undetermined
nourica;male
maja;female
golda;female
stani;female
codreanu;undetermined
tatalasca;undetermined
bobolice;undetermined
chilimbar;undetermined
socuta;undetermined
ocuta;undetermined
morca;undetermined
gutuic;female
ripca;male
tancu;male
mariana;undetermined
maricica;female
gligherie;undetermined
jorj;undetermined
dtr;undetermined
ghi;undetermined
chiriac;male
chiriac;male
teoader;undetermined
verginica;female
iftamie;male
martita;female
euzefina;female
manita;female
aglaia;female
curita;female
profira;female
drumitru;male
talica;female
miluta;female
vighenia;undetermined
filenda;undetermined
iftimia;female
helena;undetermined
har;female
liunora;female
iordache;male
todiriu;undetermined
har;female
savia;undetermined
marga;female
marg;female
cazacu;female
docica;undetermined
germani;undetermined
vaselina;undetermined
vasilisa;female
hab;undetermined
marlar;undetermined
eudochia;undetermined
arsenie;undetermined
ifim;undetermined
valen;undetermined
nazarie;undetermined
danea;undetermined
irmia;undetermined
catea;undetermined
evgheni;undetermined
dasa;undetermined
niusia;undetermined
pantiaga;undetermined
vasilisa;female
nastia;undetermined
alexei;male
exenia;female
catuta;female
raiu;female
eufrosinia;female
afanasie;male
babas;undetermined
draia;female
nichifer;undetermined
palicarp;undetermined
zenobie;female
senafent;undetermined
fedosia;undetermined
luba;female
pasu;female
talnia;female
frosia;female
dochita;female
valentina;female
ileona;female
rusu;undetermined
axenca;female
naria;female
macrina;female
istolica;undetermined
ravica;female
ogotica;female
feodosia;female
zanaria;female
rolom;male
ilulia;female
maltilda;undetermined
nicodim;undetermined
arpi;undetermined
piti;undetermined
trif;undetermined
fia;undetermined
esti;undetermined
caolina;undetermined
monti;undetermined
salvine;undetermined
silviu;undetermined
izidor;undetermined
nicodin;undetermined
frasinica;female
candin;undetermined
beruta;undetermined
armean;undetermined
ludvica;undetermined
ludivic;undetermined
almasan;undetermined
anita;female
verenica;undetermined
diti;undetermined
ninida;undetermined
firuta;undetermined
ilite;undetermined
roji;undetermined
ita;undetermined
natabela;undetermined
